{
"lengthUnit": "mil",
"components": {
	"fields": ["COMPONENT_NO", "COMPONENT_NAME", "LAYER", "X_COORDINATE", "Y_COORDINATE", "ANGLE"],
	"rows": [
		[1, "C8", "T", 11375.5, -1147.5, 180],
		[2, "C9", "T", 11490.5, -1147.5, 180],
		[3, "C10", "T", 11120, -725, 0],
		[4, "C11", "T", 11118.18, -867.39, 0],
		[5, "C12", "T", 11114.42, -1011.94, 180],
		[6, "C13", "T", 11115, -1160, 0],
		[7, "C14", "T", 9970, 75, 90],
		[8, "C15", "T", 9970, -75, 90],
		[9, "C16", "T", 9755, 75, 90],
		[10, "C17", "T", 9755, -75, 90],
		[11, "C18", "T", 9540, 75, 90],
		[12, "C19", "T", 9540, -75, 90],
		[13, "C20", "T", 9325, -75, 90],
		[14, "C21", "T", 9325, 75, 90],
		[15, "C22", "T", 9110, 75, 90],
		[16, "C23", "T", 9110, -75, 90],
		[17, "C24", "T", 8895, 75, 90],
		[18, "C25", "T", 8895, -75, 90],
		[19, "C26", "T", 8680, 75, 90],
		[20, "C27", "T", 8680, -75, 90],
		[21, "C28", "T", 8465, 75, 90],
		[22, "C29", "T", 8465, -75, 90],
		[23, "C30", "T", 8250, 75, 90],
		[24, "C31", "T", 8250, -75, 90],
		[25, "C32", "T", 8035, 75, 90],
		[26, "C33", "T", 8035, -75, 90],
		[27, "C34", "T", 7820, -75, 90],
		[28, "C35", "T", 7820, 75, 90],
		[29, "C36", "T", 7605, 75, 90],
		[30, "C37", "T", 7605, -75, 90],
		[31, "C38", "T", 7390, -75, 90],
		[32, "C39", "T", 7390, 75, 90],
		[33, "C40", "T", 7175, -75, 90],
		[34, "C41", "T", 7175, 75, 90],
		[35, "C42", "T", 6960, -75, 90],
		[36, "C43", "T", 6960, 75, 90],
		[37, "C44", "T", 6745, -75, 90],
		[38, "C45", "T", 6745, 75, 90],
		[39, "C46", "T", 6530, -75, 90],
		[40, "C47", "T", 6530, 75, 90],
		[41, "C48", "T", 6315, -75, 90],
		[42, "C49", "T", 6315, 75, 90],
		[43, "C50", "T", 6100, -75, 90],
		[44, "C51", "T", 6100, 75, 90],
		[45, "C52", "T", 5885, 75, 90],
		[46, "C53", "T", 5885, -75, 90],
		[47, "C54", "T", 5670, 75, 90],
		[48, "C55", "T", 5670, -75, 90],
		[49, "C56", "T", 5455, -75, 90],
		[50, "C57", "T", 5455, 75, 90],
		[51, "C58", "T", 5240, -75, 90],
		[52, "C59", "T", 5240, 75, 90],
		[53, "C60", "T", 5025, 75, 90],
		[54, "C61", "T", 5025, -75, 90],
		[55, "C62", "T", 4810, 75, 90],
		[56, "C63", "T", 4810, -75, 90],
		[57, "C64", "T", 4595, 75, 90],
		[58, "C65", "T", 4595, -75, 90],
		[59, "C66", "T", 4380, -75, 90],
		[60, "C67", "T", 4380, 75, 90],
		[61, "C68", "T", 4165, 75, 90],
		[62, "C69", "T", 4165, -75, 90],
		[63, "C70", "T", 3950, -75, 90],
		[64, "C71", "T", 3950, 75, 90],
		[65, "C72", "T", 3735, 75, 90],
		[66, "C73", "T", 3735, -75, 90],
		[67, "C74", "T", 3520, 75, 90],
		[68, "C75", "T", 3520, -75, 90],
		[69, "C76", "T", 3305, 75, 90],
		[70, "C77", "T", 3305, -75, 90],
		[71, "C78", "T", 3090, -75, 90],
		[72, "C79", "T", 3090, 75, 90],
		[73, "D2", "T", 11850, -980, 0],
		[74, "LED1", "T", 2505, 715, 0],
		[75, "LED2", "T", 11920, -20, 180],
		[76, "LED3", "T", 11920, -145, 180],
		[77, "Q1", "T", 11770, -355, 0],
		[78, "Q2", "T", 11920, -355, 0],
		[79, "R14", "T", 11110.21, -423.72, 0],
		[80, "R15", "T", 11110.21, -565.5, 0],
		[81, "R16", "T", 10950, -365, 90],
		[82, "R17", "T", 10950, -505, 90],
		[83, "R18", "T", 11113.47, 1, 0],
		[84, "R19", "T", 11110, -140, 0],
		[85, "R20", "T", 10940, -25, 90],
		[86, "R21", "T", 10940, -205, 90],
		[87, "R22", "T", 11110.67, -283.72, 0],
		[88, "R23", "T", 11430, -1005, 0],
		[89, "R24", "T", 11430, -860, 0],
		[90, "R25", "T", 10950, -645.68, 90],
		[91, "SW1", "T", 11935, 610, 90],
		[92, "SW2", "T", 11930, 315, 90],
		[93, "U2", "T", 11295, 495, 270],
		[94, "U3", "T", 11400, -550, 270],
		[95, "U4", "T", 11470, -130, 0],
		[96, "U5", "T", 9890, 75, 45],
		[97, "U6", "T", 9890, -75, 45],
		[98, "U7", "T", 9675, 75, 45],
		[99, "U8", "T", 9675, -75, 45],
		[100, "U9", "T", 9460, 75, 45],
		[101, "U10", "T", 9460, -75, 45],
		[102, "U11", "T", 9245, 75, 45],
		[103, "U12", "T", 9245, -75, 45],
		[104, "U13", "T", 9030, 75, 45],
		[105, "U14", "T", 9030, -75, 45],
		[106, "U15", "T", 8815, 75, 45],
		[107, "U16", "T", 8815, -75, 45],
		[108, "U17", "T", 8600, 75, 45],
		[109, "U18", "T", 8600, -75, 45],
		[110, "U19", "T", 8385, 75, 45],
		[111, "U20", "T", 8385, -75, 45],
		[112, "U21", "T", 8170, 75, 45],
		[113, "U22", "T", 8170, -75, 45],
		[114, "U23", "T", 7955, 75, 45],
		[115, "U24", "T", 7955, -75, 45],
		[116, "U25", "T", 7740, 75, 45],
		[117, "U26", "T", 7740, -75, 45],
		[118, "U27", "T", 7525, 75, 45],
		[119, "U28", "T", 7525, -75, 45],
		[120, "U29", "T", 7310, 75, 45],
		[121, "U30", "T", 7310, -75, 45],
		[122, "U31", "T", 7095, 75, 45],
		[123, "U32", "T", 7095, -75, 45],
		[124, "U33", "T", 6880, 75, 45],
		[125, "U34", "T", 6880, -75, 45],
		[126, "U35", "T", 6665, 75, 45],
		[127, "U36", "T", 6665, -75, 45],
		[128, "U37", "T", 6450, 75, 45],
		[129, "U38", "T", 6450, -75, 45],
		[130, "U39", "T", 6235, 75, 45],
		[131, "U40", "T", 6235, -75, 45],
		[132, "U41", "T", 6020, 75, 45],
		[133, "U42", "T", 6020, -75, 45],
		[134, "U43", "T", 5805, 75, 45],
		[135, "U44", "T", 5805, -75, 45],
		[136, "U45", "T", 5590, 75, 45],
		[137, "U46", "T", 5590, -75, 45],
		[138, "U47", "T", 5375, 75, 45],
		[139, "U48", "T", 5375, -75, 45],
		[140, "U49", "T", 5160, 75, 45],
		[141, "U50", "T", 5160, -75, 45],
		[142, "U51", "T", 4945, 75, 45],
		[143, "U52", "T", 4945, -75, 45],
		[144, "U53", "T", 4730, 75, 45],
		[145, "U54", "T", 4730, -75, 45],
		[146, "U55", "T", 4515, 75, 45],
		[147, "U56", "T", 4515, -75, 45],
		[148, "U57", "T", 4300, 75, 45],
		[149, "U58", "T", 4300, -75, 45],
		[150, "U59", "T", 4085, 75, 45],
		[151, "U60", "T", 4085, -75, 45],
		[152, "U61", "T", 3870, 75, 45],
		[153, "U62", "T", 3870, -75, 45],
		[154, "U63", "T", 3655, 75, 45],
		[155, "U64", "T", 3655, -75, 45],
		[156, "U65", "T", 3440, 75, 45],
		[157, "U66", "T", 3440, -75, 45],
		[158, "U67", "T", 3225, 75, 45],
		[159, "U68", "T", 3225, -75, 45],
		[160, "U69", "T", 3010, 75, 45],
		[161, "U70", "T", 3010, -75, 45],
		[162, "USB2", "T", 11850, -670, 90]
	]
},
"pins": {
	"fields": ["PIN_NO", "PIN_NAME", "PIN_X", "PIN_Y", "LAYER", "PIN_TYPE", "NET_NAME", "NET_TYPE", "PAD_SHAPE", "PAD_SIZEX", "PAD_SIZEY", "HOLE_SIZE", "PAD_ANGLE"],
	"rows": [
		[1, "C8_1", 11396.96, -1147.5, "T", "SMD", "VCC", "", "R", 31.11, 21.26, 0, 180],
		[2, "C8_2", 11354.04, -1147.5, "T", "SMD", "GND", "GND", "R", 31.11, 21.26, 0, 180],
		[3, "C9_1", 11511.96, -1147.5, "T", "SMD", "+5V", "", "R", 31.11, 21.26, 0, 180],
		[4, "C9_2", 11469.04, -1147.5, "T", "SMD", "GND", "GND", "R", 31.11, 21.26, 0, 180],
		[5, "C10_1", 11057.3, -725, "T", "SMD", "VCC", "", "R", 58.47, 68.03, 0, 0],
		[6, "C10_2", 11182.7, -725, "T", "SMD", "GND", "GND", "R", 58.47, 68.03, 0, 0],
		[7, "C11_1", 11055.48, -867.39, "T", "SMD", "+5V", "", "R", 58.47, 68.03, 0, 0],
		[8, "C11_2", 11180.88, -867.39, "T", "SMD", "GND", "GND", "R", 58.47, 68.03, 0, 0],
		[9, "C12_1", 11177.12, -1011.94, "T", "SMD", "GND", "GND", "R", 58.47, 68.03, 0, 180],
		[10, "C12_2", 11051.72, -1011.94, "T", "SMD", "VCC", "", "R", 58.47, 68.03, 0, 180],
		[11, "C13_1", 11052.3, -1160, "T", "SMD", "VCC", "", "R", 58.47, 68.03, 0, 0],
		[12, "C13_2", 11177.7, -1160, "T", "SMD", "GND", "GND", "R", 58.47, 68.03, 0, 0],
		[13, "C14_1", 9970, 53.54, "T", "SMD", "GND", "GND", "R", 31.11, 21.26, 0, 90],
		[14, "C14_2", 9970, 96.46, "T", "SMD", "+5V", "", "R", 31.11, 21.26, 0, 90],
		[15, "C15_1", 9970, -96.46, "T", "SMD", "GND", "GND", "R", 31.11, 21.26, 0, 90],
		[16, "C15_2", 9970, -53.54, "T", "SMD", "+5V", "", "R", 31.11, 21.26, 0, 90],
		[17, "C16_1", 9755, 53.54, "T", "SMD", "GND", "GND", "R", 31.11, 21.26, 0, 90],
		[18, "C16_2", 9755, 96.46, "T", "SMD", "+5V", "", "R", 31.11, 21.26, 0, 90],
		[19, "C17_1", 9755, -96.46, "T", "SMD", "GND", "GND", "R", 31.11, 21.26, 0, 90],
		[20, "C17_2", 9755, -53.54, "T", "SMD", "+5V", "", "R", 31.11, 21.26, 0, 90],
		[21, "C18_1", 9540, 53.54, "T", "SMD", "GND", "GND", "R", 31.11, 21.26, 0, 90],
		[22, "C18_2", 9540, 96.46, "T", "SMD", "+5V", "", "R", 31.11, 21.26, 0, 90],
		[23, "C19_1", 9540, -96.46, "T", "SMD", "GND", "GND", "R", 31.11, 21.26, 0, 90],
		[24, "C19_2", 9540, -53.54, "T", "SMD", "+5V", "", "R", 31.11, 21.26, 0, 90],
		[25, "C20_1", 9325, -96.46, "T", "SMD", "GND", "GND", "R", 31.11, 21.26, 0, 90],
		[26, "C20_2", 9325, -53.54, "T", "SMD", "+5V", "", "R", 31.11, 21.26, 0, 90],
		[27, "C21_1", 9325, 53.54, "T", "SMD", "GND", "GND", "R", 31.11, 21.26, 0, 90],
		[28, "C21_2", 9325, 96.46, "T", "SMD", "+5V", "", "R", 31.11, 21.26, 0, 90],
		[29, "C22_1", 9110, 53.54, "T", "SMD", "GND", "GND", "R", 31.11, 21.26, 0, 90],
		[30, "C22_2", 9110, 96.46, "T", "SMD", "+5V", "", "R", 31.11, 21.26, 0, 90],
		[31, "C23_1", 9110, -96.46, "T", "SMD", "GND", "GND", "R", 31.11, 21.26, 0, 90],
		[32, "C23_2", 9110, -53.54, "T", "SMD", "+5V", "", "R", 31.11, 21.26, 0, 90],
		[33, "C24_1", 8895, 53.54, "T", "SMD", "GND", "GND", "R", 31.11, 21.26, 0, 90],
		[34, "C24_2", 8895, 96.46, "T", "SMD", "+5V", "", "R", 31.11, 21.26, 0, 90],
		[35, "C25_1", 8895, -96.46, "T", "SMD", "GND", "GND", "R", 31.11, 21.26, 0, 90],
		[36, "C25_2", 8895, -53.54, "T", "SMD", "+5V", "", "R", 31.11, 21.26, 0, 90],
		[37, "C26_1", 8680, 53.54, "T", "SMD", "GND", "GND", "R", 31.11, 21.26, 0, 90],
		[38, "C26_2", 8680, 96.46, "T", "SMD", "+5V", "", "R", 31.11, 21.26, 0, 90],
		[39, "C27_1", 8680, -96.46, "T", "SMD", "GND", "GND", "R", 31.11, 21.26, 0, 90],
		[40, "C27_2", 8680, -53.54, "T", "SMD", "+5V", "", "R", 31.11, 21.26, 0, 90],
		[41, "C28_1", 8465, 53.54, "T", "SMD", "GND", "GND", "R", 31.11, 21.26, 0, 90],
		[42, "C28_2", 8465, 96.46, "T", "SMD", "+5V", "", "R", 31.11, 21.26, 0, 90],
		[43, "C29_1", 8465, -96.46, "T", "SMD", "GND", "GND", "R", 31.11, 21.26, 0, 90],
		[44, "C29_2", 8465, -53.54, "T", "SMD", "+5V", "", "R", 31.11, 21.26, 0, 90],
		[45, "C30_1", 8250, 53.54, "T", "SMD", "GND", "GND", "R", 31.11, 21.26, 0, 90],
		[46, "C30_2", 8250, 96.46, "T", "SMD", "+5V", "", "R", 31.11, 21.26, 0, 90],
		[47, "C31_1", 8250, -96.46, "T", "SMD", "GND", "GND", "R", 31.11, 21.26, 0, 90],
		[48, "C31_2", 8250, -53.54, "T", "SMD", "+5V", "", "R", 31.11, 21.26, 0, 90],
		[49, "C32_1", 8035, 53.54, "T", "SMD", "GND", "GND", "R", 31.11, 21.26, 0, 90],
		[50, "C32_2", 8035, 96.46, "T", "SMD", "+5V", "", "R", 31.11, 21.26, 0, 90],
		[51, "C33_1", 8035, -96.46, "T", "SMD", "GND", "GND", "R", 31.11, 21.26, 0, 90],
		[52, "C33_2", 8035, -53.54, "T", "SMD", "+5V", "", "R", 31.11, 21.26, 0, 90],
		[53, "C34_1", 7820, -96.46, "T", "SMD", "GND", "GND", "R", 31.11, 21.26, 0, 90],
		[54, "C34_2", 7820, -53.54, "T", "SMD", "+5V", "", "R", 31.11, 21.26, 0, 90],
		[55, "C35_1", 7820, 53.54, "T", "SMD", "GND", "GND", "R", 31.11, 21.26, 0, 90],
		[56, "C35_2", 7820, 96.46, "T", "SMD", "+5V", "", "R", 31.11, 21.26, 0, 90],
		[57, "C36_1", 7605, 53.54, "T", "SMD", "GND", "GND", "R", 31.11, 21.26, 0, 90],
		[58, "C36_2", 7605, 96.46, "T", "SMD", "+5V", "", "R", 31.11, 21.26, 0, 90],
		[59, "C37_1", 7605, -96.46, "T", "SMD", "GND", "GND", "R", 31.11, 21.26, 0, 90],
		[60, "C37_2", 7605, -53.54, "T", "SMD", "+5V", "", "R", 31.11, 21.26, 0, 90],
		[61, "C38_1", 7390, -96.46, "T", "SMD", "GND", "GND", "R", 31.11, 21.26, 0, 90],
		[62, "C38_2", 7390, -53.54, "T", "SMD", "+5V", "", "R", 31.11, 21.26, 0, 90],
		[63, "C39_1", 7390, 53.54, "T", "SMD", "GND", "GND", "R", 31.11, 21.26, 0, 90],
		[64, "C39_2", 7390, 96.46, "T", "SMD", "+5V", "", "R", 31.11, 21.26, 0, 90],
		[65, "C40_1", 7175, -96.46, "T", "SMD", "GND", "GND", "R", 31.11, 21.26, 0, 90],
		[66, "C40_2", 7175, -53.54, "T", "SMD", "+5V", "", "R", 31.11, 21.26, 0, 90],
		[67, "C41_1", 7175, 53.54, "T", "SMD", "GND", "GND", "R", 31.11, 21.26, 0, 90],
		[68, "C41_2", 7175, 96.46, "T", "SMD", "+5V", "", "R", 31.11, 21.26, 0, 90],
		[69, "C42_1", 6960, -96.46, "T", "SMD", "GND", "GND", "R", 31.11, 21.26, 0, 90],
		[70, "C42_2", 6960, -53.54, "T", "SMD", "+5V", "", "R", 31.11, 21.26, 0, 90],
		[71, "C43_1", 6960, 53.54, "T", "SMD", "GND", "GND", "R", 31.11, 21.26, 0, 90],
		[72, "C43_2", 6960, 96.46, "T", "SMD", "+5V", "", "R", 31.11, 21.26, 0, 90],
		[73, "C44_1", 6745, -96.46, "T", "SMD", "GND", "GND", "R", 31.11, 21.26, 0, 90],
		[74, "C44_2", 6745, -53.54, "T", "SMD", "+5V", "", "R", 31.11, 21.26, 0, 90],
		[75, "C45_1", 6745, 53.54, "T", "SMD", "GND", "GND", "R", 31.11, 21.26, 0, 90],
		[76, "C45_2", 6745, 96.46, "T", "SMD", "+5V", "", "R", 31.11, 21.26, 0, 90],
		[77, "C46_1", 6530, -96.46, "T", "SMD", "GND", "GND", "R", 31.11, 21.26, 0, 90],
		[78, "C46_2", 6530, -53.54, "T", "SMD", "+5V", "", "R", 31.11, 21.26, 0, 90],
		[79, "C47_1", 6530, 53.54, "T", "SMD", "GND", "GND", "R", 31.11, 21.26, 0, 90],
		[80, "C47_2", 6530, 96.46, "T", "SMD", "+5V", "", "R", 31.11, 21.26, 0, 90],
		[81, "C48_1", 6315, -96.46, "T", "SMD", "GND", "GND", "R", 31.11, 21.26, 0, 90],
		[82, "C48_2", 6315, -53.54, "T", "SMD", "+5V", "", "R", 31.11, 21.26, 0, 90],
		[83, "C49_1", 6315, 53.54, "T", "SMD", "GND", "GND", "R", 31.11, 21.26, 0, 90],
		[84, "C49_2", 6315, 96.46, "T", "SMD", "+5V", "", "R", 31.11, 21.26, 0, 90],
		[85, "C50_1", 6100, -96.46, "T", "SMD", "GND", "GND", "R", 31.11, 21.26, 0, 90],
		[86, "C50_2", 6100, -53.54, "T", "SMD", "+5V", "", "R", 31.11, 21.26, 0, 90],
		[87, "C51_1", 6100, 53.54, "T", "SMD", "GND", "GND", "R", 31.11, 21.26, 0, 90],
		[88, "C51_2", 6100, 96.46, "T", "SMD", "+5V", "", "R", 31.11, 21.26, 0, 90],
		[89, "C52_1", 5885, 53.54, "T", "SMD", "GND", "GND", "R", 31.11, 21.26, 0, 90],
		[90, "C52_2", 5885, 96.46, "T", "SMD", "+5V", "", "R", 31.11, 21.26, 0, 90],
		[91, "C53_1", 5885, -96.46, "T", "SMD", "GND", "GND", "R", 31.11, 21.26, 0, 90],
		[92, "C53_2", 5885, -53.54, "T", "SMD", "+5V", "", "R", 31.11, 21.26, 0, 90],
		[93, "C54_1", 5670, 53.54, "T", "SMD", "GND", "GND", "R", 31.11, 21.26, 0, 90],
		[94, "C54_2", 5670, 96.46, "T", "SMD", "+5V", "", "R", 31.11, 21.26, 0, 90],
		[95, "C55_1", 5670, -96.46, "T", "SMD", "GND", "GND", "R", 31.11, 21.26, 0, 90],
		[96, "C55_2", 5670, -53.54, "T", "SMD", "+5V", "", "R", 31.11, 21.26, 0, 90],
		[97, "C56_1", 5455, -96.46, "T", "SMD", "GND", "GND", "R", 31.11, 21.26, 0, 90],
		[98, "C56_2", 5455, -53.54, "T", "SMD", "+5V", "", "R", 31.11, 21.26, 0, 90],
		[99, "C57_1", 5455, 53.54, "T", "SMD", "GND", "GND", "R", 31.11, 21.26, 0, 90],
		[100, "C57_2", 5455, 96.46, "T", "SMD", "+5V", "", "R", 31.11, 21.26, 0, 90],
		[101, "C58_1", 5240, -96.46, "T", "SMD", "GND", "GND", "R", 31.11, 21.26, 0, 90],
		[102, "C58_2", 5240, -53.54, "T", "SMD", "+5V", "", "R", 31.11, 21.26, 0, 90],
		[103, "C59_1", 5240, 53.54, "T", "SMD", "GND", "GND", "R", 31.11, 21.26, 0, 90],
		[104, "C59_2", 5240, 96.46, "T", "SMD", "+5V", "", "R", 31.11, 21.26, 0, 90],
		[105, "C60_1", 5025, 53.54, "T", "SMD", "GND", "GND", "R", 31.11, 21.26, 0, 90],
		[106, "C60_2", 5025, 96.46, "T", "SMD", "+5V", "", "R", 31.11, 21.26, 0, 90],
		[107, "C61_1", 5025, -96.46, "T", "SMD", "GND", "GND", "R", 31.11, 21.26, 0, 90],
		[108, "C61_2", 5025, -53.54, "T", "SMD", "+5V", "", "R", 31.11, 21.26, 0, 90],
		[109, "C62_1", 4810, 53.54, "T", "SMD", "GND", "GND", "R", 31.11, 21.26, 0, 90],
		[110, "C62_2", 4810, 96.46, "T", "SMD", "+5V", "", "R", 31.11, 21.26, 0, 90],
		[111, "C63_1", 4810, -96.46, "T", "SMD", "GND", "GND", "R", 31.11, 21.26, 0, 90],
		[112, "C63_2", 4810, -53.54, "T", "SMD", "+5V", "", "R", 31.11, 21.26, 0, 90],
		[113, "C64_1", 4595, 53.54, "T", "SMD", "GND", "GND", "R", 31.11, 21.26, 0, 90],
		[114, "C64_2", 4595, 96.46, "T", "SMD", "+5V", "", "R", 31.11, 21.26, 0, 90],
		[115, "C65_1", 4595, -96.46, "T", "SMD", "GND", "GND", "R", 31.11, 21.26, 0, 90],
		[116, "C65_2", 4595, -53.54, "T", "SMD", "+5V", "", "R", 31.11, 21.26, 0, 90],
		[117, "C66_1", 4380, -96.46, "T", "SMD", "GND", "GND", "R", 31.11, 21.26, 0, 90],
		[118, "C66_2", 4380, -53.54, "T", "SMD", "+5V", "", "R", 31.11, 21.26, 0, 90],
		[119, "C67_1", 4380, 53.54, "T", "SMD", "GND", "GND", "R", 31.11, 21.26, 0, 90],
		[120, "C67_2", 4380, 96.46, "T", "SMD", "+5V", "", "R", 31.11, 21.26, 0, 90],
		[121, "C68_1", 4165, 53.54, "T", "SMD", "GND", "GND", "R", 31.11, 21.26, 0, 90],
		[122, "C68_2", 4165, 96.46, "T", "SMD", "+5V", "", "R", 31.11, 21.26, 0, 90],
		[123, "C69_1", 4165, -96.46, "T", "SMD", "GND", "GND", "R", 31.11, 21.26, 0, 90],
		[124, "C69_2", 4165, -53.54, "T", "SMD", "+5V", "", "R", 31.11, 21.26, 0, 90],
		[125, "C70_1", 3950, -96.46, "T", "SMD", "GND", "GND", "R", 31.11, 21.26, 0, 90],
		[126, "C70_2", 3950, -53.54, "T", "SMD", "+5V", "", "R", 31.11, 21.26, 0, 90],
		[127, "C71_1", 3950, 53.54, "T", "SMD", "GND", "GND", "R", 31.11, 21.26, 0, 90],
		[128, "C71_2", 3950, 96.46, "T", "SMD", "+5V", "", "R", 31.11, 21.26, 0, 90],
		[129, "C72_1", 3735, 53.54, "T", "SMD", "GND", "GND", "R", 31.11, 21.26, 0, 90],
		[130, "C72_2", 3735, 96.46, "T", "SMD", "+5V", "", "R", 31.11, 21.26, 0, 90],
		[131, "C73_1", 3735, -96.46, "T", "SMD", "GND", "GND", "R", 31.11, 21.26, 0, 90],
		[132, "C73_2", 3735, -53.54, "T", "SMD", "+5V", "", "R", 31.11, 21.26, 0, 90],
		[133, "C74_1", 3520, 53.54, "T", "SMD", "GND", "GND", "R", 31.11, 21.26, 0, 90],
		[134, "C74_2", 3520, 96.46, "T", "SMD", "+5V", "", "R", 31.11, 21.26, 0, 90],
		[135, "C75_1", 3520, -96.46, "T", "SMD", "GND", "GND", "R", 31.11, 21.26, 0, 90],
		[136, "C75_2", 3520, -53.54, "T", "SMD", "+5V", "", "R", 31.11, 21.26, 0, 90],
		[137, "C76_1", 3305, 53.54, "T", "SMD", "GND", "GND", "R", 31.11, 21.26, 0, 90],
		[138, "C76_2", 3305, 96.46, "T", "SMD", "+5V", "", "R", 31.11, 21.26, 0, 90],
		[139, "C77_1", 3305, -96.46, "T", "SMD", "GND", "GND", "R", 31.11, 21.26, 0, 90],
		[140, "C77_2", 3305, -53.54, "T", "SMD", "+5V", "", "R", 31.11, 21.26, 0, 90],
		[141, "C78_1", 3090, -96.46, "T", "SMD", "GND", "GND", "R", 31.11, 21.26, 0, 90],
		[142, "C78_2", 3090, -53.54, "T", "SMD", "+5V", "", "R", 31.11, 21.26, 0, 90],
		[143, "C79_1", 3090, 53.54, "T", "SMD", "GND", "GND", "R", 31.11, 21.26, 0, 90],
		[144, "C79_2", 3090, 96.46, "T", "SMD", "+5V", "", "R", 31.11, 21.26, 0, 90],
		[145, "D2_1", 11763.68, -980, "T", "SMD", "+5V", "", "R", 70.87, 66.93, 0, 0],
		[146, "D2_2", 11936.32, -980, "T", "SMD", "$1N7434", "", "R", 70.87, 66.93, 0, 0],
		[147, "LED1_1", 2473.53, 714.87, "T", "SMD", "GND", "GND", "R", 31.5, 31.5, 0, 90],
		[148, "LED1_2", 2536.47, 715.13, "T", "SMD", "$1N7273", "", "R", 31.5, 31.5, 0, 90],
		[149, "LED2_1", 11951.48, -19.87, "T", "SMD", "GND", "GND", "R", 31.5, 31.5, 0, 270],
		[150, "LED2_2", 11888.52, -20.13, "T", "SMD", "$1N9412", "", "R", 31.5, 31.5, 0, 270],
		[151, "LED3_1", 11951.48, -144.87, "T", "SMD", "GND", "GND", "R", 31.5, 31.5, 0, 270],
		[152, "LED3_2", 11888.52, -145.13, "T", "SMD", "$1N9515", "", "R", 31.5, 31.5, 0, 270],
		[153, "Q1_1", 11813.36, -392.4, "T", "SMD", "$1N6666", "", "R", 40.85, 20.95, 0, 0],
		[154, "Q1_2", 11813.36, -317.6, "T", "SMD", "$1N7377", "", "R", 40.85, 20.95, 0, 0],
		[155, "Q1_3", 11726.64, -355, "T", "SMD", "GPIO0", "", "R", 40.85, 20.95, 0, 0],
		[156, "Q2_1", 11963.36, -392.4, "T", "SMD", "$1N6664", "", "R", 40.85, 20.95, 0, 0],
		[157, "Q2_2", 11963.36, -317.6, "T", "SMD", "EN", "", "R", 40.85, 20.95, 0, 0],
		[158, "Q2_3", 11876.64, -355, "T", "SMD", "$1N7416", "", "R", 40.85, 20.95, 0, 0],
		[159, "R14_1", 11051.99, -423.72, "T", "SMD", "$1N7416", "", "R", 47.54, 66.97, 0, 0],
		[160, "R14_2", 11168.43, -423.72, "T", "SMD", "$1N6666", "", "R", 47.54, 66.97, 0, 0],
		[161, "R15_1", 11051.99, -565.5, "T", "SMD", "$1N7377", "", "R", 47.54, 66.97, 0, 0],
		[162, "R15_2", 11168.43, -565.5, "T", "SMD", "$1N6664", "", "R", 47.54, 66.97, 0, 0],
		[163, "R16_1", 10950, -394.66, "T", "SMD", "GND", "GND", "R", 31.75, 34.02, 0, 90],
		[164, "R16_2", 10950, -335.34, "T", "SMD", "$1N7441", "", "R", 31.75, 34.02, 0, 90],
		[165, "R17_1", 10950, -534.66, "T", "SMD", "GND", "GND", "R", 31.75, 34.02, 0, 90],
		[166, "R17_2", 10950, -475.34, "T", "SMD", "$1N7460", "", "R", 31.75, 34.02, 0, 90],
		[167, "R18_1", 11055.25, 1, "T", "SMD", "GPIO0", "", "R", 47.54, 66.97, 0, 0],
		[168, "R18_2", 11171.69, 1, "T", "SMD", "VCC", "", "R", 47.54, 66.97, 0, 0],
		[169, "R19_1", 11051.78, -140, "T", "SMD", "EN", "", "R", 47.54, 66.97, 0, 0],
		[170, "R19_2", 11168.22, -140, "T", "SMD", "VCC", "", "R", 47.54, 66.97, 0, 0],
		[171, "R20_1", 10940, -64.37, "T", "SMD", "$1N6991", "", "R", 44.59, 54.21, 0, 90],
		[172, "R20_2", 10940, 14.37, "T", "SMD", "EN", "", "R", 44.59, 54.21, 0, 90],
		[173, "R21_1", 10940, -244.37, "T", "SMD", "$1N6993", "", "R", 44.59, 54.21, 0, 90],
		[174, "R21_2", 10940, -165.63, "T", "SMD", "GPIO0", "", "R", 44.59, 54.21, 0, 90],
		[175, "R22_1", 11052.45, -283.72, "T", "SMD", "GPIO2", "", "R", 47.54, 66.97, 0, 0],
		[176, "R22_2", 11168.89, -283.72, "T", "SMD", "$1N7273", "", "R", 47.54, 66.97, 0, 0],
		[177, "R23_1", 11371.78, -1005, "T", "SMD", "GPIO23", "", "R", 47.54, 66.97, 0, 0],
		[178, "R23_2", 11488.22, -1005, "T", "SMD", "$1N9412", "", "R", 47.54, 66.97, 0, 0],
		[179, "R24_1", 11371.78, -860, "T", "SMD", "GPIO21", "", "R", 47.54, 66.97, 0, 0],
		[180, "R24_2", 11488.22, -860, "T", "SMD", "$1N9515", "", "R", 47.54, 66.97, 0, 0],
		[181, "R25_1", 10950, -675.34, "T", "SMD", "GPIO22", "", "R", 31.75, 34.02, 0, 90],
		[182, "R25_2", 10950, -616.02, "T", "SMD", "$2N20908", "", "R", 31.75, 34.02, 0, 90],
		[183, "SW1_1", 11935, 521.42, "T", "SMD", "$1N6991", "", "R", 53.15, 78.74, 0, 90],
		[184, "SW1_2", 11935, 698.58, "T", "SMD", "GND", "GND", "R", 53.15, 78.74, 0, 90],
		[185, "SW2_1", 11930, 226.42, "T", "SMD", "$1N6993", "", "R", 53.15, 78.74, 0, 90],
		[186, "SW2_2", 11930, 403.58, "T", "SMD", "GND", "GND", "R", 53.15, 78.74, 0, 90],
		[187, "U2_1", 10940.66, 849.43, "T", "SMD", "GND", "GND", "R", 37.4, 82.68, 0, 270],
		[188, "U2_2", 10940.66, 799.43, "T", "SMD", "VCC", "", "R", 37.4, 82.68, 0, 270],
		[189, "U2_3", 10940.66, 749.43, "T", "SMD", "EN", "", "R", 37.4, 82.68, 0, 270],
		[190, "U2_4", 10940.66, 699.43, "T", "SMD", "U2_4", "", "R", 37.4, 82.68, 0, 270],
		[191, "U2_5", 10940.66, 649.43, "T", "SMD", "U2_5", "", "R", 37.4, 82.68, 0, 270],
		[192, "U2_6", 10940.66, 599.43, "T", "SMD", "U2_6", "", "R", 37.4, 82.68, 0, 270],
		[193, "U2_7", 10940.66, 549.43, "T", "SMD", "U2_7", "", "R", 37.4, 82.68, 0, 270],
		[194, "U2_8", 10940.66, 499.43, "T", "SMD", "U2_8", "", "R", 37.4, 82.68, 0, 270],
		[195, "U2_9", 10940.66, 449.43, "T", "SMD", "U2_9", "", "R", 37.4, 82.68, 0, 270],
		[196, "U2_10", 10940.66, 399.43, "T", "SMD", "U2_10", "", "R", 37.4, 82.68, 0, 270],
		[197, "U2_11", 10940.66, 349.43, "T", "SMD", "U2_11", "", "R", 37.4, 82.68, 0, 270],
		[198, "U2_12", 10940.66, 299.43, "T", "SMD", "U2_12", "", "R", 37.4, 82.68, 0, 270],
		[199, "U2_13", 10940.66, 249.43, "T", "SMD", "U2_13", "", "R", 37.4, 82.68, 0, 270],
		[200, "U2_14", 10940.66, 199.43, "T", "SMD", "U2_14", "", "R", 37.4, 82.68, 0, 270],
		[201, "U2_15", 11070.01, 140.57, "T", "SMD", "GND", "GND", "R", 82.68, 37.4, 0, 270],
		[202, "U2_16", 11120.01, 140.57, "T", "SMD", "U2_16", "", "R", 82.68, 37.4, 0, 270],
		[203, "U2_17", 11170.01, 140.57, "T", "SMD", "U2_17", "", "R", 82.68, 37.4, 0, 270],
		[204, "U2_18", 11220.01, 140.57, "T", "SMD", "U2_18", "", "R", 82.68, 37.4, 0, 270],
		[205, "U2_19", 11270.01, 140.57, "T", "SMD", "U2_19", "", "R", 82.68, 37.4, 0, 270],
		[206, "U2_20", 11320.01, 140.57, "T", "SMD", "U2_20", "", "R", 82.68, 37.4, 0, 270],
		[207, "U2_21", 11370.01, 140.57, "T", "SMD", "U2_21", "", "R", 82.68, 37.4, 0, 270],
		[208, "U2_22", 11420.01, 140.57, "T", "SMD", "U2_22", "", "R", 82.68, 37.4, 0, 270],
		[209, "U2_23", 11470.01, 140.57, "T", "SMD", "U2_23", "", "R", 82.68, 37.4, 0, 270],
		[210, "U2_24", 11520.01, 140.57, "T", "SMD", "GPIO2", "", "R", 82.68, 37.4, 0, 270],
		[211, "U2_25", 11649.34, 199.43, "T", "SMD", "GPIO0", "", "R", 37.4, 82.68, 0, 270],
		[212, "U2_26", 11649.34, 249.43, "T", "SMD", "U2_26", "", "R", 37.4, 82.68, 0, 270],
		[213, "U2_27", 11649.34, 299.43, "T", "SMD", "U2_27", "", "R", 37.4, 82.68, 0, 270],
		[214, "U2_28", 11649.34, 349.43, "T", "SMD", "U2_28", "", "R", 37.4, 82.68, 0, 270],
		[215, "U2_29", 11649.34, 399.43, "T", "SMD", "U2_29", "", "R", 37.4, 82.68, 0, 270],
		[216, "U2_30", 11649.34, 449.43, "T", "SMD", "U2_30", "", "R", 37.4, 82.68, 0, 270],
		[217, "U2_31", 11649.34, 499.43, "T", "SMD", "U2_31", "", "R", 37.4, 82.68, 0, 270],
		[218, "U2_32", 11649.34, 549.43, "T", "SMD", "U2_32", "", "R", 37.4, 82.68, 0, 270],
		[219, "U2_33", 11649.34, 599.43, "T", "SMD", "GPIO21", "", "R", 37.4, 82.68, 0, 270],
		[220, "U2_34", 11649.34, 649.43, "T", "SMD", "RX", "", "R", 37.4, 82.68, 0, 270],
		[221, "U2_35", 11649.34, 699.43, "T", "SMD", "TX", "", "R", 37.4, 82.68, 0, 270],
		[222, "U2_36", 11649.34, 749.43, "T", "SMD", "GPIO22", "", "R", 37.4, 82.68, 0, 270],
		[223, "U2_37", 11649.34, 799.43, "T", "SMD", "GPIO23", "", "R", 37.4, 82.68, 0, 270],
		[224, "U2_38", 11649.34, 849.43, "T", "SMD", "GND", "GND", "R", 37.4, 82.68, 0, 270],
		[225, "U2_39", 11235.93, 547.03, "T", "SMD", "GND", "GND", "R", 35.43, 35.43, 0, 90],
		[226, "U2_39", 11180.83, 547.03, "T", "SMD", "GND", "GND", "R", 35.43, 35.43, 0, 90],
		[227, "U2_39", 11291.07, 547.03, "T", "SMD", "GND", "GND", "R", 35.43, 35.43, 0, 90],
		[228, "U2_39", 11291.07, 602.15, "T", "SMD", "GND", "GND", "R", 35.43, 35.43, 0, 90],
		[229, "U2_39", 11235.94, 602.15, "T", "SMD", "GND", "GND", "R", 35.43, 35.43, 0, 90],
		[230, "U2_39", 11180.83, 602.15, "T", "SMD", "GND", "GND", "R", 35.43, 35.43, 0, 90],
		[231, "U2_39", 11180.83, 491.91, "T", "SMD", "GND", "GND", "R", 35.43, 35.43, 0, 90],
		[232, "U2_39", 11235.94, 491.91, "T", "SMD", "GND", "GND", "R", 35.43, 35.43, 0, 90],
		[233, "U2_39", 11291.07, 491.91, "T", "SMD", "GND", "GND", "R", 35.43, 35.43, 0, 90],
		[234, "U3_1", 11309.45, -666.93, "T", "SMD", "GND", "GND", "R", 98.42, 43.31, 0, 270],
		[235, "U3_2", 11400, -666.93, "T", "SMD", "VCC", "", "R", 98.42, 43.31, 0, 270],
		[236, "U3_3", 11490.55, -666.93, "T", "SMD", "+5V", "", "R", 98.42, 43.31, 0, 270],
		[237, "U3_4", 11400, -433.07, "T", "SMD", "VCC", "", "R", 92.13, 141.73, 0, 270],
		[238, "U4_1", 11295, -243.09, "T", "SMD", "GND", "GND", "O", 22.05, 68.7, 0, 0],
		[239, "U4_2", 11345, -243.09, "T", "SMD", "TX", "", "O", 22.05, 68.7, 0, 0],
		[240, "U4_3", 11395, -243.09, "T", "SMD", "RX", "", "O", 22.05, 68.7, 0, 0],
		[241, "U4_4", 11445, -243.09, "T", "SMD", "VCC", "", "O", 22.05, 68.7, 0, 0],
		[242, "U4_5", 11495, -243.09, "T", "SMD", "D+", "", "O", 22.05, 68.7, 0, 0],
		[243, "U4_6", 11545, -243.09, "T", "SMD", "D-", "", "O", 22.05, 68.7, 0, 0],
		[244, "U4_7", 11595, -243.09, "T", "SMD", "U4_7", "", "O", 22.05, 68.7, 0, 0],
		[245, "U4_8", 11645, -243.09, "T", "SMD", "U4_8", "", "O", 22.05, 68.7, 0, 0],
		[246, "U4_9", 11645, -16.91, "T", "SMD", "U4_9", "", "O", 22.05, 68.7, 0, 0],
		[247, "U4_10", 11595, -16.91, "T", "SMD", "U4_10", "", "O", 22.05, 68.7, 0, 0],
		[248, "U4_11", 11545, -16.91, "T", "SMD", "U4_11", "", "O", 22.05, 68.7, 0, 0],
		[249, "U4_12", 11495, -16.91, "T", "SMD", "U4_12", "", "O", 22.05, 68.7, 0, 0],
		[250, "U4_13", 11445, -16.91, "T", "SMD", "$1N7377", "", "O", 22.05, 68.7, 0, 0],
		[251, "U4_14", 11395, -16.91, "T", "SMD", "$1N7416", "", "O", 22.05, 68.7, 0, 0],
		[252, "U4_15", 11345, -16.91, "T", "SMD", "U4_15", "", "O", 22.05, 68.7, 0, 0],
		[253, "U4_16", 11295, -16.91, "T", "SMD", "VCC", "", "O", 22.05, 68.7, 0, 0],
		[254, "U5_1", 9867.73, 75, "T", "SMD", "+5V", "", "R", 19.68, 19.68, 0, 45],
		[255, "U5_2", 9890, 52.73, "T", "SMD", "$2N411", "", "R", 19.68, 19.68, 0, 45],
		[256, "U5_3", 9912.27, 75, "T", "SMD", "GND", "GND", "R", 19.68, 19.68, 0, 45],
		[257, "U5_4", 9890, 97.27, "T", "SMD", "GPIO22", "", "R", 19.68, 19.68, 0, 45],
		[258, "U6_1", 9867.73, -75, "T", "SMD", "+5V", "", "R", 19.68, 19.68, 0, 45],
		[259, "U6_2", 9890, -97.27, "T", "SMD", "$2N538", "", "R", 19.68, 19.68, 0, 45],
		[260, "U6_3", 9912.27, -75, "T", "SMD", "GND", "GND", "R", 19.68, 19.68, 0, 45],
		[261, "U6_4", 9890, -52.73, "T", "SMD", "$2N411", "", "R", 19.68, 19.68, 0, 45],
		[262, "U7_1", 9652.73, 75, "T", "SMD", "+5V", "", "R", 19.68, 19.68, 0, 45],
		[263, "U7_2", 9675, 52.73, "T", "SMD", "$2N969", "", "R", 19.68, 19.68, 0, 45],
		[264, "U7_3", 9697.27, 75, "T", "SMD", "GND", "GND", "R", 19.68, 19.68, 0, 45],
		[265, "U7_4", 9675, 97.27, "T", "SMD", "$2N538", "", "R", 19.68, 19.68, 0, 45],
		[266, "U8_1", 9652.73, -75, "T", "SMD", "+5V", "", "R", 19.68, 19.68, 0, 45],
		[267, "U8_2", 9675, -97.27, "T", "SMD", "$2N1091", "", "R", 19.68, 19.68, 0, 45],
		[268, "U8_3", 9697.27, -75, "T", "SMD", "GND", "GND", "R", 19.68, 19.68, 0, 45],
		[269, "U8_4", 9675, -52.73, "T", "SMD", "$2N969", "", "R", 19.68, 19.68, 0, 45],
		[270, "U9_1", 9437.73, 75, "T", "SMD", "+5V", "", "R", 19.68, 19.68, 0, 45],
		[271, "U9_2", 9460, 52.73, "T", "SMD", "$2N1207", "", "R", 19.68, 19.68, 0, 45],
		[272, "U9_3", 9482.27, 75, "T", "SMD", "GND", "GND", "R", 19.68, 19.68, 0, 45],
		[273, "U9_4", 9460, 97.27, "T", "SMD", "$2N1091", "", "R", 19.68, 19.68, 0, 45],
		[274, "U10_1", 9437.73, -75, "T", "SMD", "+5V", "", "R", 19.68, 19.68, 0, 45],
		[275, "U10_2", 9460, -97.27, "T", "SMD", "$2N1323", "", "R", 19.68, 19.68, 0, 45],
		[276, "U10_3", 9482.27, -75, "T", "SMD", "GND", "GND", "R", 19.68, 19.68, 0, 45],
		[277, "U10_4", 9460, -52.73, "T", "SMD", "$2N1207", "", "R", 19.68, 19.68, 0, 45],
		[278, "U11_1", 9222.73, 75, "T", "SMD", "+5V", "", "R", 19.68, 19.68, 0, 45],
		[279, "U11_2", 9245, 52.73, "T", "SMD", "$2N1899", "", "R", 19.68, 19.68, 0, 45],
		[280, "U11_3", 9267.27, 75, "T", "SMD", "GND", "GND", "R", 19.68, 19.68, 0, 45],
		[281, "U11_4", 9245, 97.27, "T", "SMD", "$2N1323", "", "R", 19.68, 19.68, 0, 45],
		[282, "U12_1", 9222.73, -75, "T", "SMD", "+5V", "", "R", 19.68, 19.68, 0, 45],
		[283, "U12_2", 9245, -97.27, "T", "SMD", "$2N1913", "", "R", 19.68, 19.68, 0, 45],
		[284, "U12_3", 9267.27, -75, "T", "SMD", "GND", "GND", "R", 19.68, 19.68, 0, 45],
		[285, "U12_4", 9245, -52.73, "T", "SMD", "$2N1899", "", "R", 19.68, 19.68, 0, 45],
		[286, "U13_1", 9007.73, 75, "T", "SMD", "+5V", "", "R", 19.68, 19.68, 0, 45],
		[287, "U13_2", 9030, 52.73, "T", "SMD", "$2N1927", "", "R", 19.68, 19.68, 0, 45],
		[288, "U13_3", 9052.27, 75, "T", "SMD", "GND", "GND", "R", 19.68, 19.68, 0, 45],
		[289, "U13_4", 9030, 97.27, "T", "SMD", "$2N1913", "", "R", 19.68, 19.68, 0, 45],
		[290, "U14_1", 9007.73, -75, "T", "SMD", "+5V", "", "R", 19.68, 19.68, 0, 45],
		[291, "U14_2", 9030, -97.27, "T", "SMD", "$2N1941", "", "R", 19.68, 19.68, 0, 45],
		[292, "U14_3", 9052.27, -75, "T", "SMD", "GND", "GND", "R", 19.68, 19.68, 0, 45],
		[293, "U14_4", 9030, -52.73, "T", "SMD", "$2N1927", "", "R", 19.68, 19.68, 0, 45],
		[294, "U15_1", 8792.73, 75, "T", "SMD", "+5V", "", "R", 19.68, 19.68, 0, 45],
		[295, "U15_2", 8815, 52.73, "T", "SMD", "$2N1955", "", "R", 19.68, 19.68, 0, 45],
		[296, "U15_3", 8837.27, 75, "T", "SMD", "GND", "GND", "R", 19.68, 19.68, 0, 45],
		[297, "U15_4", 8815, 97.27, "T", "SMD", "$2N1941", "", "R", 19.68, 19.68, 0, 45],
		[298, "U16_1", 8792.73, -75, "T", "SMD", "+5V", "", "R", 19.68, 19.68, 0, 45],
		[299, "U16_2", 8815, -97.27, "T", "SMD", "$2N2604", "", "R", 19.68, 19.68, 0, 45],
		[300, "U16_3", 8837.27, -75, "T", "SMD", "GND", "GND", "R", 19.68, 19.68, 0, 45],
		[301, "U16_4", 8815, -52.73, "T", "SMD", "$2N1955", "", "R", 19.68, 19.68, 0, 45],
		[302, "U17_1", 8577.73, 75, "T", "SMD", "+5V", "", "R", 19.68, 19.68, 0, 45],
		[303, "U17_2", 8600, 52.73, "T", "SMD", "$2N2581", "", "R", 19.68, 19.68, 0, 45],
		[304, "U17_3", 8622.27, 75, "T", "SMD", "GND", "GND", "R", 19.68, 19.68, 0, 45],
		[305, "U17_4", 8600, 97.27, "T", "SMD", "$2N2604", "", "R", 19.68, 19.68, 0, 45],
		[306, "U18_1", 8577.73, -75, "T", "SMD", "+5V", "", "R", 19.68, 19.68, 0, 45],
		[307, "U18_2", 8600, -97.27, "T", "SMD", "$2N2590", "", "R", 19.68, 19.68, 0, 45],
		[308, "U18_3", 8622.27, -75, "T", "SMD", "GND", "GND", "R", 19.68, 19.68, 0, 45],
		[309, "U18_4", 8600, -52.73, "T", "SMD", "$2N2581", "", "R", 19.68, 19.68, 0, 45],
		[310, "U19_1", 8362.73, 75, "T", "SMD", "+5V", "", "R", 19.68, 19.68, 0, 45],
		[311, "U19_2", 8385, 52.73, "T", "SMD", "$2N2524", "", "R", 19.68, 19.68, 0, 45],
		[312, "U19_3", 8407.27, 75, "T", "SMD", "GND", "GND", "R", 19.68, 19.68, 0, 45],
		[313, "U19_4", 8385, 97.27, "T", "SMD", "$2N2590", "", "R", 19.68, 19.68, 0, 45],
		[314, "U20_1", 8362.73, -75, "T", "SMD", "+5V", "", "R", 19.68, 19.68, 0, 45],
		[315, "U20_2", 8385, -97.27, "T", "SMD", "$2N2533", "", "R", 19.68, 19.68, 0, 45],
		[316, "U20_3", 8407.27, -75, "T", "SMD", "GND", "GND", "R", 19.68, 19.68, 0, 45],
		[317, "U20_4", 8385, -52.73, "T", "SMD", "$2N2524", "", "R", 19.68, 19.68, 0, 45],
		[318, "U21_1", 8147.73, 75, "T", "SMD", "+5V", "", "R", 19.68, 19.68, 0, 45],
		[319, "U21_2", 8170, 52.73, "T", "SMD", "$2N2552", "", "R", 19.68, 19.68, 0, 45],
		[320, "U21_3", 8192.27, 75, "T", "SMD", "GND", "GND", "R", 19.68, 19.68, 0, 45],
		[321, "U21_4", 8170, 97.27, "T", "SMD", "$2N2533", "", "R", 19.68, 19.68, 0, 45],
		[322, "U22_1", 8147.73, -75, "T", "SMD", "+5V", "", "R", 19.68, 19.68, 0, 45],
		[323, "U22_2", 8170, -97.27, "T", "SMD", "$2N3232", "", "R", 19.68, 19.68, 0, 45],
		[324, "U22_3", 8192.27, -75, "T", "SMD", "GND", "GND", "R", 19.68, 19.68, 0, 45],
		[325, "U22_4", 8170, -52.73, "T", "SMD", "$2N2552", "", "R", 19.68, 19.68, 0, 45],
		[326, "U23_1", 7932.73, 75, "T", "SMD", "+5V", "", "R", 19.68, 19.68, 0, 45],
		[327, "U23_2", 7955, 52.73, "T", "SMD", "$2N3209", "", "R", 19.68, 19.68, 0, 45],
		[328, "U23_3", 7977.27, 75, "T", "SMD", "GND", "GND", "R", 19.68, 19.68, 0, 45],
		[329, "U23_4", 7955, 97.27, "T", "SMD", "$2N3232", "", "R", 19.68, 19.68, 0, 45],
		[330, "U24_1", 7932.73, -75, "T", "SMD", "+5V", "", "R", 19.68, 19.68, 0, 45],
		[331, "U24_2", 7955, -97.27, "T", "SMD", "$2N3218", "", "R", 19.68, 19.68, 0, 45],
		[332, "U24_3", 7977.27, -75, "T", "SMD", "GND", "GND", "R", 19.68, 19.68, 0, 45],
		[333, "U24_4", 7955, -52.73, "T", "SMD", "$2N3209", "", "R", 19.68, 19.68, 0, 45],
		[334, "U25_1", 7717.73, 75, "T", "SMD", "+5V", "", "R", 19.68, 19.68, 0, 45],
		[335, "U25_2", 7740, 52.73, "T", "SMD", "$2N3152", "", "R", 19.68, 19.68, 0, 45],
		[336, "U25_3", 7762.27, 75, "T", "SMD", "GND", "GND", "R", 19.68, 19.68, 0, 45],
		[337, "U25_4", 7740, 97.27, "T", "SMD", "$2N3218", "", "R", 19.68, 19.68, 0, 45],
		[338, "U26_1", 7717.73, -75, "T", "SMD", "+5V", "", "R", 19.68, 19.68, 0, 45],
		[339, "U26_2", 7740, -97.27, "T", "SMD", "$2N3161", "", "R", 19.68, 19.68, 0, 45],
		[340, "U26_3", 7762.27, -75, "T", "SMD", "GND", "GND", "R", 19.68, 19.68, 0, 45],
		[341, "U26_4", 7740, -52.73, "T", "SMD", "$2N3152", "", "R", 19.68, 19.68, 0, 45],
		[342, "U27_1", 7502.73, 75, "T", "SMD", "+5V", "", "R", 19.68, 19.68, 0, 45],
		[343, "U27_2", 7525, 52.73, "T", "SMD", "$2N3180", "", "R", 19.68, 19.68, 0, 45],
		[344, "U27_3", 7547.27, 75, "T", "SMD", "GND", "GND", "R", 19.68, 19.68, 0, 45],
		[345, "U27_4", 7525, 97.27, "T", "SMD", "$2N3161", "", "R", 19.68, 19.68, 0, 45],
		[346, "U28_1", 7502.73, -75, "T", "SMD", "+5V", "", "R", 19.68, 19.68, 0, 45],
		[347, "U28_2", 7525, -97.27, "T", "SMD", "$2N5154", "", "R", 19.68, 19.68, 0, 45],
		[348, "U28_3", 7547.27, -75, "T", "SMD", "GND", "GND", "R", 19.68, 19.68, 0, 45],
		[349, "U28_4", 7525, -52.73, "T", "SMD", "$2N3180", "", "R", 19.68, 19.68, 0, 45],
		[350, "U29_1", 7287.73, 75, "T", "SMD", "+5V", "", "R", 19.68, 19.68, 0, 45],
		[351, "U29_2", 7310, 52.73, "T", "SMD", "$2N5167", "", "R", 19.68, 19.68, 0, 45],
		[352, "U29_3", 7332.27, 75, "T", "SMD", "GND", "GND", "R", 19.68, 19.68, 0, 45],
		[353, "U29_4", 7310, 97.27, "T", "SMD", "$2N5154", "", "R", 19.68, 19.68, 0, 45],
		[354, "U30_1", 7287.73, -75, "T", "SMD", "+5V", "", "R", 19.68, 19.68, 0, 45],
		[355, "U30_2", 7310, -97.27, "T", "SMD", "$2N5181", "", "R", 19.68, 19.68, 0, 45],
		[356, "U30_3", 7332.27, -75, "T", "SMD", "GND", "GND", "R", 19.68, 19.68, 0, 45],
		[357, "U30_4", 7310, -52.73, "T", "SMD", "$2N5167", "", "R", 19.68, 19.68, 0, 45],
		[358, "U31_1", 7072.73, 75, "T", "SMD", "+5V", "", "R", 19.68, 19.68, 0, 45],
		[359, "U31_2", 7095, 52.73, "T", "SMD", "$2N5195", "", "R", 19.68, 19.68, 0, 45],
		[360, "U31_3", 7117.27, 75, "T", "SMD", "GND", "GND", "R", 19.68, 19.68, 0, 45],
		[361, "U31_4", 7095, 97.27, "T", "SMD", "$2N5181", "", "R", 19.68, 19.68, 0, 45],
		[362, "U32_1", 7072.73, -75, "T", "SMD", "+5V", "", "R", 19.68, 19.68, 0, 45],
		[363, "U32_2", 7095, -97.27, "T", "SMD", "$2N5209", "", "R", 19.68, 19.68, 0, 45],
		[364, "U32_3", 7117.27, -75, "T", "SMD", "GND", "GND", "R", 19.68, 19.68, 0, 45],
		[365, "U32_4", 7095, -52.73, "T", "SMD", "$2N5195", "", "R", 19.68, 19.68, 0, 45],
		[366, "U33_1", 6857.73, 75, "T", "SMD", "+5V", "", "R", 19.68, 19.68, 0, 45],
		[367, "U33_2", 6880, 52.73, "T", "SMD", "$2N5223", "", "R", 19.68, 19.68, 0, 45],
		[368, "U33_3", 6902.27, 75, "T", "SMD", "GND", "GND", "R", 19.68, 19.68, 0, 45],
		[369, "U33_4", 6880, 97.27, "T", "SMD", "$2N5209", "", "R", 19.68, 19.68, 0, 45],
		[370, "U34_1", 6857.73, -75, "T", "SMD", "+5V", "", "R", 19.68, 19.68, 0, 45],
		[371, "U34_2", 6880, -97.27, "T", "SMD", "$2N5237", "", "R", 19.68, 19.68, 0, 45],
		[372, "U34_3", 6902.27, -75, "T", "SMD", "GND", "GND", "R", 19.68, 19.68, 0, 45],
		[373, "U34_4", 6880, -52.73, "T", "SMD", "$2N5223", "", "R", 19.68, 19.68, 0, 45],
		[374, "U35_1", 6642.73, 75, "T", "SMD", "+5V", "", "R", 19.68, 19.68, 0, 45],
		[375, "U35_2", 6665, 52.73, "T", "SMD", "$2N5253", "", "R", 19.68, 19.68, 0, 45],
		[376, "U35_3", 6687.27, 75, "T", "SMD", "GND", "GND", "R", 19.68, 19.68, 0, 45],
		[377, "U35_4", 6665, 97.27, "T", "SMD", "$2N5237", "", "R", 19.68, 19.68, 0, 45],
		[378, "U36_1", 6642.73, -75, "T", "SMD", "+5V", "", "R", 19.68, 19.68, 0, 45],
		[379, "U36_2", 6665, -97.27, "T", "SMD", "$2N5267", "", "R", 19.68, 19.68, 0, 45],
		[380, "U36_3", 6687.27, -75, "T", "SMD", "GND", "GND", "R", 19.68, 19.68, 0, 45],
		[381, "U36_4", 6665, -52.73, "T", "SMD", "$2N5253", "", "R", 19.68, 19.68, 0, 45],
		[382, "U37_1", 6427.73, 75, "T", "SMD", "+5V", "", "R", 19.68, 19.68, 0, 45],
		[383, "U37_2", 6450, 52.73, "T", "SMD", "$2N5281", "", "R", 19.68, 19.68, 0, 45],
		[384, "U37_3", 6472.27, 75, "T", "SMD", "GND", "GND", "R", 19.68, 19.68, 0, 45],
		[385, "U37_4", 6450, 97.27, "T", "SMD", "$2N5267", "", "R", 19.68, 19.68, 0, 45],
		[386, "U38_1", 6427.73, -75, "T", "SMD", "+5V", "", "R", 19.68, 19.68, 0, 45],
		[387, "U38_2", 6450, -97.27, "T", "SMD", "$2N5295", "", "R", 19.68, 19.68, 0, 45],
		[388, "U38_3", 6472.27, -75, "T", "SMD", "GND", "GND", "R", 19.68, 19.68, 0, 45],
		[389, "U38_4", 6450, -52.73, "T", "SMD", "$2N5281", "", "R", 19.68, 19.68, 0, 45],
		[390, "U39_1", 6212.73, 75, "T", "SMD", "+5V", "", "R", 19.68, 19.68, 0, 45],
		[391, "U39_2", 6235, 52.73, "T", "SMD", "$2N5309", "", "R", 19.68, 19.68, 0, 45],
		[392, "U39_3", 6257.27, 75, "T", "SMD", "GND", "GND", "R", 19.68, 19.68, 0, 45],
		[393, "U39_4", 6235, 97.27, "T", "SMD", "$2N5295", "", "R", 19.68, 19.68, 0, 45],
		[394, "U40_1", 6212.73, -75, "T", "SMD", "+5V", "", "R", 19.68, 19.68, 0, 45],
		[395, "U40_2", 6235, -97.27, "T", "SMD", "$2N5323", "", "R", 19.68, 19.68, 0, 45],
		[396, "U40_3", 6257.27, -75, "T", "SMD", "GND", "GND", "R", 19.68, 19.68, 0, 45],
		[397, "U40_4", 6235, -52.73, "T", "SMD", "$2N5309", "", "R", 19.68, 19.68, 0, 45],
		[398, "U41_1", 5997.73, 75, "T", "SMD", "+5V", "", "R", 19.68, 19.68, 0, 45],
		[399, "U41_2", 6020, 52.73, "T", "SMD", "$2N5339", "", "R", 19.68, 19.68, 0, 45],
		[400, "U41_3", 6042.27, 75, "T", "SMD", "GND", "GND", "R", 19.68, 19.68, 0, 45],
		[401, "U41_4", 6020, 97.27, "T", "SMD", "$2N5323", "", "R", 19.68, 19.68, 0, 45],
		[402, "U42_1", 5997.73, -75, "T", "SMD", "+5V", "", "R", 19.68, 19.68, 0, 45],
		[403, "U42_2", 6020, -97.27, "T", "SMD", "$2N5353", "", "R", 19.68, 19.68, 0, 45],
		[404, "U42_3", 6042.27, -75, "T", "SMD", "GND", "GND", "R", 19.68, 19.68, 0, 45],
		[405, "U42_4", 6020, -52.73, "T", "SMD", "$2N5339", "", "R", 19.68, 19.68, 0, 45],
		[406, "U43_1", 5782.73, 75, "T", "SMD", "+5V", "", "R", 19.68, 19.68, 0, 45],
		[407, "U43_2", 5805, 52.73, "T", "SMD", "$2N5367", "", "R", 19.68, 19.68, 0, 45],
		[408, "U43_3", 5827.27, 75, "T", "SMD", "GND", "GND", "R", 19.68, 19.68, 0, 45],
		[409, "U43_4", 5805, 97.27, "T", "SMD", "$2N5353", "", "R", 19.68, 19.68, 0, 45],
		[410, "U44_1", 5782.73, -75, "T", "SMD", "+5V", "", "R", 19.68, 19.68, 0, 45],
		[411, "U44_2", 5805, -97.27, "T", "SMD", "$2N5381", "", "R", 19.68, 19.68, 0, 45],
		[412, "U44_3", 5827.27, -75, "T", "SMD", "GND", "GND", "R", 19.68, 19.68, 0, 45],
		[413, "U44_4", 5805, -52.73, "T", "SMD", "$2N5367", "", "R", 19.68, 19.68, 0, 45],
		[414, "U45_1", 5567.73, 75, "T", "SMD", "+5V", "", "R", 19.68, 19.68, 0, 45],
		[415, "U45_2", 5590, 52.73, "T", "SMD", "$2N5395", "", "R", 19.68, 19.68, 0, 45],
		[416, "U45_3", 5612.27, 75, "T", "SMD", "GND", "GND", "R", 19.68, 19.68, 0, 45],
		[417, "U45_4", 5590, 97.27, "T", "SMD", "$2N5381", "", "R", 19.68, 19.68, 0, 45],
		[418, "U46_1", 5567.73, -75, "T", "SMD", "+5V", "", "R", 19.68, 19.68, 0, 45],
		[419, "U46_2", 5590, -97.27, "T", "SMD", "U46_2", "", "R", 19.68, 19.68, 0, 45],
		[420, "U46_3", 5612.27, -75, "T", "SMD", "GND", "GND", "R", 19.68, 19.68, 0, 45],
		[421, "U46_4", 5590, -52.73, "T", "SMD", "$2N5395", "", "R", 19.68, 19.68, 0, 45],
		[422, "U47_1", 5352.73, 75, "T", "SMD", "+5V", "", "R", 19.68, 19.68, 0, 45],
		[423, "U47_2", 5375, 52.73, "T", "SMD", "$2N7181", "", "R", 19.68, 19.68, 0, 45],
		[424, "U47_3", 5397.27, 75, "T", "SMD", "GND", "GND", "R", 19.68, 19.68, 0, 45],
		[425, "U47_4", 5375, 97.27, "T", "SMD", "$2N7168", "", "R", 19.68, 19.68, 0, 45],
		[426, "U48_1", 5352.73, -75, "T", "SMD", "+5V", "", "R", 19.68, 19.68, 0, 45],
		[427, "U48_2", 5375, -97.27, "T", "SMD", "$2N7195", "", "R", 19.68, 19.68, 0, 45],
		[428, "U48_3", 5397.27, -75, "T", "SMD", "GND", "GND", "R", 19.68, 19.68, 0, 45],
		[429, "U48_4", 5375, -52.73, "T", "SMD", "$2N7181", "", "R", 19.68, 19.68, 0, 45],
		[430, "U49_1", 5137.73, 75, "T", "SMD", "+5V", "", "R", 19.68, 19.68, 0, 45],
		[431, "U49_2", 5160, 52.73, "T", "SMD", "$2N7209", "", "R", 19.68, 19.68, 0, 45],
		[432, "U49_3", 5182.27, 75, "T", "SMD", "GND", "GND", "R", 19.68, 19.68, 0, 45],
		[433, "U49_4", 5160, 97.27, "T", "SMD", "$2N7195", "", "R", 19.68, 19.68, 0, 45],
		[434, "U50_1", 5137.73, -75, "T", "SMD", "+5V", "", "R", 19.68, 19.68, 0, 45],
		[435, "U50_2", 5160, -97.27, "T", "SMD", "$2N7223", "", "R", 19.68, 19.68, 0, 45],
		[436, "U50_3", 5182.27, -75, "T", "SMD", "GND", "GND", "R", 19.68, 19.68, 0, 45],
		[437, "U50_4", 5160, -52.73, "T", "SMD", "$2N7209", "", "R", 19.68, 19.68, 0, 45],
		[438, "U51_1", 4922.73, 75, "T", "SMD", "+5V", "", "R", 19.68, 19.68, 0, 45],
		[439, "U51_2", 4945, 52.73, "T", "SMD", "$2N7237", "", "R", 19.68, 19.68, 0, 45],
		[440, "U51_3", 4967.27, 75, "T", "SMD", "GND", "GND", "R", 19.68, 19.68, 0, 45],
		[441, "U51_4", 4945, 97.27, "T", "SMD", "$2N7223", "", "R", 19.68, 19.68, 0, 45],
		[442, "U52_1", 4922.73, -75, "T", "SMD", "+5V", "", "R", 19.68, 19.68, 0, 45],
		[443, "U52_2", 4945, -97.27, "T", "SMD", "$2N7251", "", "R", 19.68, 19.68, 0, 45],
		[444, "U52_3", 4967.27, -75, "T", "SMD", "GND", "GND", "R", 19.68, 19.68, 0, 45],
		[445, "U52_4", 4945, -52.73, "T", "SMD", "$2N7237", "", "R", 19.68, 19.68, 0, 45],
		[446, "U53_1", 4707.73, 75, "T", "SMD", "+5V", "", "R", 19.68, 19.68, 0, 45],
		[447, "U53_2", 4730, 52.73, "T", "SMD", "$2N7267", "", "R", 19.68, 19.68, 0, 45],
		[448, "U53_3", 4752.27, 75, "T", "SMD", "GND", "GND", "R", 19.68, 19.68, 0, 45],
		[449, "U53_4", 4730, 97.27, "T", "SMD", "$2N7251", "", "R", 19.68, 19.68, 0, 45],
		[450, "U54_1", 4707.73, -75, "T", "SMD", "+5V", "", "R", 19.68, 19.68, 0, 45],
		[451, "U54_2", 4730, -97.27, "T", "SMD", "$2N7281", "", "R", 19.68, 19.68, 0, 45],
		[452, "U54_3", 4752.27, -75, "T", "SMD", "GND", "GND", "R", 19.68, 19.68, 0, 45],
		[453, "U54_4", 4730, -52.73, "T", "SMD", "$2N7267", "", "R", 19.68, 19.68, 0, 45],
		[454, "U55_1", 4492.73, 75, "T", "SMD", "+5V", "", "R", 19.68, 19.68, 0, 45],
		[455, "U55_2", 4515, 52.73, "T", "SMD", "$2N7295", "", "R", 19.68, 19.68, 0, 45],
		[456, "U55_3", 4537.27, 75, "T", "SMD", "GND", "GND", "R", 19.68, 19.68, 0, 45],
		[457, "U55_4", 4515, 97.27, "T", "SMD", "$2N7281", "", "R", 19.68, 19.68, 0, 45],
		[458, "U56_1", 4492.73, -75, "T", "SMD", "+5V", "", "R", 19.68, 19.68, 0, 45],
		[459, "U56_2", 4515, -97.27, "T", "SMD", "$2N7309", "", "R", 19.68, 19.68, 0, 45],
		[460, "U56_3", 4537.27, -75, "T", "SMD", "GND", "GND", "R", 19.68, 19.68, 0, 45],
		[461, "U56_4", 4515, -52.73, "T", "SMD", "$2N7295", "", "R", 19.68, 19.68, 0, 45],
		[462, "U57_1", 4277.73, 75, "T", "SMD", "+5V", "", "R", 19.68, 19.68, 0, 45],
		[463, "U57_2", 4300, 52.73, "T", "SMD", "$2N7323", "", "R", 19.68, 19.68, 0, 45],
		[464, "U57_3", 4322.27, 75, "T", "SMD", "GND", "GND", "R", 19.68, 19.68, 0, 45],
		[465, "U57_4", 4300, 97.27, "T", "SMD", "$2N7309", "", "R", 19.68, 19.68, 0, 45],
		[466, "U58_1", 4277.73, -75, "T", "SMD", "+5V", "", "R", 19.68, 19.68, 0, 45],
		[467, "U58_2", 4300, -97.27, "T", "SMD", "$2N7337", "", "R", 19.68, 19.68, 0, 45],
		[468, "U58_3", 4322.27, -75, "T", "SMD", "GND", "GND", "R", 19.68, 19.68, 0, 45],
		[469, "U58_4", 4300, -52.73, "T", "SMD", "$2N7323", "", "R", 19.68, 19.68, 0, 45],
		[470, "U59_1", 4062.73, 75, "T", "SMD", "+5V", "", "R", 19.68, 19.68, 0, 45],
		[471, "U59_2", 4085, 52.73, "T", "SMD", "$2N7353", "", "R", 19.68, 19.68, 0, 45],
		[472, "U59_3", 4107.27, 75, "T", "SMD", "GND", "GND", "R", 19.68, 19.68, 0, 45],
		[473, "U59_4", 4085, 97.27, "T", "SMD", "$2N7337", "", "R", 19.68, 19.68, 0, 45],
		[474, "U60_1", 4062.73, -75, "T", "SMD", "+5V", "", "R", 19.68, 19.68, 0, 45],
		[475, "U60_2", 4085, -97.27, "T", "SMD", "$2N7367", "", "R", 19.68, 19.68, 0, 45],
		[476, "U60_3", 4107.27, -75, "T", "SMD", "GND", "GND", "R", 19.68, 19.68, 0, 45],
		[477, "U60_4", 4085, -52.73, "T", "SMD", "$2N7353", "", "R", 19.68, 19.68, 0, 45],
		[478, "U61_1", 3847.73, 75, "T", "SMD", "+5V", "", "R", 19.68, 19.68, 0, 45],
		[479, "U61_2", 3870, 52.73, "T", "SMD", "$2N7381", "", "R", 19.68, 19.68, 0, 45],
		[480, "U61_3", 3892.27, 75, "T", "SMD", "GND", "GND", "R", 19.68, 19.68, 0, 45],
		[481, "U61_4", 3870, 97.27, "T", "SMD", "$2N7367", "", "R", 19.68, 19.68, 0, 45],
		[482, "U62_1", 3847.73, -75, "T", "SMD", "+5V", "", "R", 19.68, 19.68, 0, 45],
		[483, "U62_2", 3870, -97.27, "T", "SMD", "$2N7395", "", "R", 19.68, 19.68, 0, 45],
		[484, "U62_3", 3892.27, -75, "T", "SMD", "GND", "GND", "R", 19.68, 19.68, 0, 45],
		[485, "U62_4", 3870, -52.73, "T", "SMD", "$2N7381", "", "R", 19.68, 19.68, 0, 45],
		[486, "U63_1", 3632.73, 75, "T", "SMD", "+5V", "", "R", 19.68, 19.68, 0, 45],
		[487, "U63_2", 3655, 52.73, "T", "SMD", "$2N7409", "", "R", 19.68, 19.68, 0, 45],
		[488, "U63_3", 3677.27, 75, "T", "SMD", "GND", "GND", "R", 19.68, 19.68, 0, 45],
		[489, "U63_4", 3655, 97.27, "T", "SMD", "$2N7395", "", "R", 19.68, 19.68, 0, 45],
		[490, "U64_1", 3632.73, -75, "T", "SMD", "+5V", "", "R", 19.68, 19.68, 0, 45],
		[491, "U64_2", 3655, -97.27, "T", "SMD", "U64_2", "", "R", 19.68, 19.68, 0, 45],
		[492, "U64_3", 3677.27, -75, "T", "SMD", "GND", "GND", "R", 19.68, 19.68, 0, 45],
		[493, "U64_4", 3655, -52.73, "T", "SMD", "$2N7409", "", "R", 19.68, 19.68, 0, 45],
		[494, "U65_1", 3417.73, 75, "T", "SMD", "+5V", "", "R", 19.68, 19.68, 0, 45],
		[495, "U65_2", 3440, 52.73, "T", "SMD", "$2N10108", "", "R", 19.68, 19.68, 0, 45],
		[496, "U65_3", 3462.27, 75, "T", "SMD", "GND", "GND", "R", 19.68, 19.68, 0, 45],
		[497, "U65_4", 3440, 97.27, "T", "SMD", "$2N7337", "", "R", 19.68, 19.68, 0, 45],
		[498, "U66_1", 3417.73, -75, "T", "SMD", "+5V", "", "R", 19.68, 19.68, 0, 45],
		[499, "U66_2", 3440, -97.27, "T", "SMD", "$2N10094", "", "R", 19.68, 19.68, 0, 45],
		[500, "U66_3", 3462.27, -75, "T", "SMD", "GND", "GND", "R", 19.68, 19.68, 0, 45],
		[501, "U66_4", 3440, -52.73, "T", "SMD", "$2N10108", "", "R", 19.68, 19.68, 0, 45],
		[502, "U67_1", 3202.73, 75, "T", "SMD", "+5V", "", "R", 19.68, 19.68, 0, 45],
		[503, "U67_2", 3225, 52.73, "T", "SMD", "$2N10061", "", "R", 19.68, 19.68, 0, 45],
		[504, "U67_3", 3247.27, 75, "T", "SMD", "GND", "GND", "R", 19.68, 19.68, 0, 45],
		[505, "U67_4", 3225, 97.27, "T", "SMD", "$2N10094", "", "R", 19.68, 19.68, 0, 45],
		[506, "U68_1", 3202.73, -75, "T", "SMD", "+5V", "", "R", 19.68, 19.68, 0, 45],
		[507, "U68_2", 3225, -97.27, "T", "SMD", "$2N10080", "", "R", 19.68, 19.68, 0, 45],
		[508, "U68_3", 3247.27, -75, "T", "SMD", "GND", "GND", "R", 19.68, 19.68, 0, 45],
		[509, "U68_4", 3225, -52.73, "T", "SMD", "$2N10061", "", "R", 19.68, 19.68, 0, 45],
		[510, "U69_1", 2987.73, 75, "T", "SMD", "+5V", "", "R", 19.68, 19.68, 0, 45],
		[511, "U69_2", 3010, 52.73, "T", "SMD", "$2N9995", "", "R", 19.68, 19.68, 0, 45],
		[512, "U69_3", 3032.27, 75, "T", "SMD", "GND", "GND", "R", 19.68, 19.68, 0, 45],
		[513, "U69_4", 3010, 97.27, "T", "SMD", "$2N10080", "", "R", 19.68, 19.68, 0, 45],
		[514, "U70_1", 2987.73, -75, "T", "SMD", "+5V", "", "R", 19.68, 19.68, 0, 45],
		[515, "U70_2", 3010, -97.27, "T", "SMD", "$2N9999", "", "R", 19.68, 19.68, 0, 45],
		[516, "U70_3", 3032.27, -75, "T", "SMD", "GND", "GND", "R", 19.68, 19.68, 0, 45],
		[517, "U70_4", 3010, -52.73, "T", "SMD", "$2N9995", "", "R", 19.68, 19.68, 0, 45],
		[518, "USB2_A1B12", 11755.12, -795.99, "T", "SMD", "GND", "GND", "R", 23.62, 45.28, 0, 90],
		[519, "USB2_A4B9", 11755.12, -764.49, "T", "SMD", "$1N10802", "", "R", 23.62, 45.28, 0, 90],
		[520, "USB2_A5", 11755.12, -719.21, "T", "SMD", "$1N10785", "", "R", 11.81, 45.28, 0, 90],
		[521, "USB2_A6", 11755.12, -679.84, "T", "SMD", "D+", "", "R", 11.81, 45.28, 0, 90],
		[522, "USB2_A7", 11755.12, -660.16, "T", "SMD", "D-", "", "R", 11.81, 45.28, 0, 90],
		[523, "USB2_A8", 11755.12, -620.79, "T", "SMD", "USB2_A8", "", "R", 11.81, 45.28, 0, 90],
		[524, "USB2_B1A12", 11755.12, -544.02, "T", "SMD", "GND", "GND", "R", 23.62, 45.28, 0, 90],
		[525, "USB2_B4A9", 11755.12, -575.51, "T", "SMD", "USB2_B4A9", "", "R", 23.62, 45.28, 0, 90],
		[526, "USB2_B5", 11755.12, -601.1, "T", "SMD", "$1N10787", "", "R", 11.81, 45.28, 0, 90],
		[527, "USB2_B6", 11755.12, -640.47, "T", "SMD", "USB2_B6", "", "R", 11.81, 45.28, 0, 90],
		[528, "USB2_B7", 11755.12, -699.53, "T", "SMD", "USB2_B7", "", "R", 11.81, 45.28, 0, 90],
		[529, "USB2_B8", 11755.12, -738.9, "T", "SMD", "USB2_B8", "", "R", 11.81, 45.28, 0, 90],
		[530, "USB2_EP", 11781.49, -840.08, "T", "DIP", "USB2_EP", "", "O", 39.37, 82.68, 66.93, 90],
		[531, "USB2_EP", 11781.49, -840.08, "B", "DIP", "USB2_EP", "", "O", 39.37, 82.68, 66.93, 90],
		[532, "USB2_EP", 11781.49, -499.92, "T", "DIP", "USB2_A_EP", "", "O", 39.37, 82.68, 66.93, 90],
		[533, "USB2_EP", 11781.49, -499.92, "B", "DIP", "USB2_A_EP", "", "O", 39.37, 82.68, 66.93, 90],
		[534, "USB2_EP", 11944.88, -840.08, "T", "DIP", "USB2_B_EP", "", "O", 39.37, 70.87, 55.12, 90],
		[535, "USB2_EP", 11944.88, -840.08, "B", "DIP", "USB2_B_EP", "", "O", 39.37, 70.87, 55.12, 90],
		[536, "USB2_EP", 11944.88, -499.92, "T", "DIP", "USB2_C_EP", "", "O", 39.37, 70.87, 55.12, 90],
		[537, "USB2_EP", 11944.88, -499.92, "B", "DIP", "USB2_C_EP", "", "O", 39.37, 70.87, 55.12, 90]
	]
}
}